Username,Followers,Biography,Caption,Hashtags,Likes,Posted At,Comments,Image URL
tech_believers,742186,"Tech CreatorğŸ¬
ğŸ™ŒğŸ¼Simplifying tech & AI world for you
ğŸŒŸ Forbes India's Top 100 Digital Star
ğŸ“©Business@techbelievers.in","Forbes ki India's Top 100 Digital Stars me naam aaya hai toh aap logo ke sath share krna toh banta hi hai, kyuki aapne video dekha, fir share kiya, Save bhi kiya and fir Follow bhi kiyaâ™¥ï¸

Aapko pta nhi but Hero toh aap hi hoâ™¥ï¸ğŸ™

Sahi se kaam krta rhu, yahi Aashirvad dena bssğŸ™â™¥ï¸
#forbes #forbesindia","#forbes, #forbesindia",1815,2023-10-26 18:25:48+00:00,pravesh_arts_: ğŸ˜; riadj_rj: Congratulation; akr0001_: Many Many congratulations BroğŸ‘ğŸ‘; imran___2595: Congratulations Bhai... Allah or kamiyabi ata farmaye apko ese hi Desh ka nam Roshan kroâ¤ï¸; vishnu_balmiki_165: Congratulations Bro...ğŸ¥³ğŸ‰ğŸŠkeep growing; anujramatri: Congratulations bro; rakesh.bisen2: à¤›à¤¾ à¤—à¤ à¤—à¥à¤°à¥; admin_pratik_007: ğŸ”¥ğŸ”¥; samirdhandale: Congratulation sir ğŸ”¥ğŸ˜; digitalspheret: Congratulations bro ğŸ‘ŠğŸ¥‚ğŸ¥‚keep growing,https://instagram.fblr11-1.fna.fbcdn.net/v/t39.30808-6/395278017_18394750417021064_2624477542872110359_n.jpg?stp=dst-jpg_e35_p1080x1080_tt6&efg=eyJ2ZW5jb2RlX3RhZyI6IkNBUk9VU0VMX0lURU0uaW1hZ2VfdXJsZ2VuLjE0NDB4MTgwMC5zZHIuZjMwODA4LmRlZmF1bHRfaW1hZ2UifQ&_nc_ht=instagram.fblr11-1.fna.fbcdn.net&_nc_cat=108&_nc_oc=Q6cZ2QFTUOt6ADPMgTXL3J9TiFAAe0e4gYiZGFmyATTFLSdF3HkLw5tf0Fh2aGgWTs_g2RI&_nc_ohc=k_FxPkLZKGMQ7kNvwGxLxbk&_nc_gid=f5z0auJWN0u0MdUZsIVFmg&edm=ABmJApAAAAAA&ccb=7-5&ig_cache_key=MzIyMjI3MTc0OTA3MzI0MTI3OA%3D%3D.3-ccb7-5&oh=00_AfI_EOEjnhjwxUzPu16pDGfwiVkmJWs_8w05Ub4EclM0KQ&oe=684093FE&_nc_sid=b41fef
tech_believers,742186,"Tech CreatorğŸ¬
ğŸ™ŒğŸ¼Simplifying tech & AI world for you
ğŸŒŸ Forbes India's Top 100 Digital Star
ğŸ“©Business@techbelievers.in","Doston @forbesindia ki list me aapke bhai ka firse naam aaya hai, iska poora shrey mai aap sbko deta hu. Karte ho aap log, toh iski khushi bhi aapki apni hai. Iss process me mai kahin nhi huâ™¥ï¸ğŸ™

Thankyou @forbesindia @goat_india_  for this prestigious award againâ™¥ï¸ğŸ¤©

Aur aap sabhi ko dil se dhanyavad firseğŸ¥¹â™¥ï¸

#forbes #forbesindia #tech #awards #award #techcreators","#forbes, #forbesindia, #tech, #awards, #award, #techcreators",979,2024-10-15 15:13:14+00:00,kratisaini_: Congratulations BhaiyyağŸ§¿ğŸ«¶ğŸ»; osin_1_arya: Wowâ¤ï¸ CongratsğŸ”¥ğŸ”¥ğŸ‘ğŸ‘; mritunjay__08_k: Congratulations Bhai ğŸ”¥ğŸ”¥ğŸ˜; pranavdesigns: Bhai congratulations ğŸ‰ğŸ˜; mayank.sonwane45: Congrats ğŸ‰ğŸ‘ bhaiya; technicohimanshu: Congratulations bro ğŸ‰ğŸ‰; marathi.forever: Congratulations ğŸ”¥ğŸ™Œ; akriti_09_: Congratulations bhaiyaağŸ’; _rishhh.18: Congratulations Bhai ğŸ”¥ More power to you; chiranjivee_cjv: Congratulations ğŸ¥³,https://instagram.fblr11-1.fna.fbcdn.net/v/t51.2885-15/463488557_18463730809021064_6262805592289302769_n.jpg?stp=dst-jpg_e35_p1080x1080_tt6&efg=eyJ2ZW5jb2RlX3RhZyI6IkZFRUQuaW1hZ2VfdXJsZ2VuLjEzMTR4MTQ3OC5zZHIuZjc1NzYxLmRlZmF1bHRfaW1hZ2UifQ&_nc_ht=instagram.fblr11-1.fna.fbcdn.net&_nc_cat=108&_nc_oc=Q6cZ2QFTUOt6ADPMgTXL3J9TiFAAe0e4gYiZGFmyATTFLSdF3HkLw5tf0Fh2aGgWTs_g2RI&_nc_ohc=cGYKn9n8J4cQ7kNvwEAXh-s&_nc_gid=f5z0auJWN0u0MdUZsIVFmg&edm=ABmJApABAAAA&ccb=7-5&ig_cache_key=MzQ3OTQ3MDIyMDkxNjg4MDgzMw%3D%3D.3-ccb7-5&oh=00_AfLMgcrraOln6gq3-vVPG8whpWmnUbe0Rg762OCSacVDGQ&oe=68409402&_nc_sid=b41fef
tech_believers,742186,"Tech CreatorğŸ¬
ğŸ™ŒğŸ¼Simplifying tech & AI world for you
ğŸŒŸ Forbes India's Top 100 Digital Star
ğŸ“©Business@techbelievers.in","Create such videos for freeğŸ˜

Steps:
 1.Create baby images with the help of ChatGPT
 2. Go to Hedra.com and upload the image you just created in ChatGPT plus upload the audio and hit generateâœ…

Kyaa aap bhi try kroge?ğŸ¤”",,60,2025-05-31 10:00:02+00:00,,https://scontent.cdninstagram.com/v/t51.71878-15/503024709_1206928023978393_5849645744327475470_n.jpg?stp=dst-jpg_e15_p360x360_tt6&_nc_cat=110&ig_cache_key=MzY0NDU1ODI5NjMyNTg0MjQ4Nw%3D%3D.3-ccb1-7&ccb=1-7&_nc_sid=58cdad&efg=eyJ2ZW5jb2RlX3RhZyI6InhwaWRzLjY0MHgxMTM2LnNkciJ9&_nc_ohc=e7zSRL_h2TkQ7kNvwGhRNsq&_nc_oc=AdkUDhP4fny8OKFHkhVrxWwRDLgzzDiPSVYg77d1x24JivpG0wh_ydm2l8fkC6apro0&_nc_ad=z-m&_nc_cid=0&_nc_zt=23&_nc_ht=scontent.cdninstagram.com&_nc_gid=f5z0auJWN0u0MdUZsIVFmg&oh=00_AfJyg3QKHW5XYL99Qr6vO4vS9PIgCcrh7mUSDIK8uC-LNw&oe=6840B4D5
tech_believers,742186,"Tech CreatorğŸ¬
ğŸ™ŒğŸ¼Simplifying tech & AI world for you
ğŸŒŸ Forbes India's Top 100 Digital Star
ğŸ“©Business@techbelievers.in","Don't buy a new phone until you watch this videoâŒ 

New compact and big battery phones are about to launchâœ…

Which phone do you think offers the best value for the money? ğŸ¤”",,1484,2025-05-29 13:48:07+00:00,"rishie_444: ğŸ‘ğŸ‘; sagar.03: Is cmf 2 really coming?; ishetaharinkhede: Super mama ji ğŸ‘; arnabdaripa: 13s looks promising; dkaybhatiya: Samsang S26 ultra kab aa rha h; h4._.hasnain: Gareeb hu phir bhi puri video dekh li ğŸ˜‚ğŸ˜‚; tejvinderpals: Rply jrur krna...... Jis se aap ko like khoob milenge ğŸŒ¹ğŸŒ¹ğŸŒ¹ğŸŒ¹ğŸŒ¹; rinat_shah_786: Bhaiya v!rus ke ooper reel banao ğŸ™Œ; rashidkhan___786: One plus 5 ace ultra kab aayga plz reply â¤ï¸; tech_unboxie: Bhai to dev manush h re baba kitna sochata h, jaldi bhai ke 1M followers ğŸ˜ ğŸ§¿ karwao yrr",https://scontent.cdninstagram.com/v/t51.71878-15/501582580_2438864323114831_6360944796071152532_n.jpg?stp=dst-jpg_e15_p360x360_tt6&_nc_cat=104&ig_cache_key=MzY0MzIyMjg3NTM1NzgzOTM1Nw%3D%3D.3-ccb1-7&ccb=1-7&_nc_sid=58cdad&efg=eyJ2ZW5jb2RlX3RhZyI6InhwaWRzLjY0MHgxMTM2LnNkciJ9&_nc_ohc=SD3Ag5oR9ckQ7kNvwFuBckZ&_nc_oc=Adl_4qCFelVhPZ2m9oRXGNnX7QswXLDiu78BTVFgKTgUrzKhBYYuA83PjRICPjlrFcQ&_nc_ad=z-m&_nc_cid=0&_nc_zt=23&_nc_ht=scontent.cdninstagram.com&_nc_gid=f5z0auJWN0u0MdUZsIVFmg&oh=00_AfKVQ-aKl3M4x7QzEZJGdwjnhBWAa_6IuZPnYXppjQhLbA&oe=6840C238
tech_believers,742186,"Tech CreatorğŸ¬
ğŸ™ŒğŸ¼Simplifying tech & AI world for you
ğŸŒŸ Forbes India's Top 100 Digital Star
ğŸ“©Business@techbelievers.in","Customisable SSDs are GreatğŸ¤¯

Benefits:
âœ… Cheaper
âœ… Faster (Depends on the SSD you install)
âœ… Upgradeable anytime ğŸ’ª
âœ… Perfect for creators & gamers ğŸ®ğŸ¥

What would you choose?",,4483,2025-05-27 10:43:20+00:00,sahilkatyal2021: link; mr_awesome_shah: Link; rahul.a.wanjari: Link; aman_singh_rajput_0047: Link; ujwal95: Link; anilchandranb5858: Link; nishtha_woodworks: Link sir; payal_digitalstudio_92: Link; _its_dhiru: Link; yash_vishwakarma_73: Link,https://scontent.cdninstagram.com/v/t51.71878-15/501066971_1688740471767309_4756378059970667001_n.jpg?stp=dst-jpg_e15_p360x360_tt6&_nc_cat=103&ig_cache_key=MzY0MTY4MjM4Nzg1MzA4NTYyMg%3D%3D.3-ccb1-7&ccb=1-7&_nc_sid=58cdad&efg=eyJ2ZW5jb2RlX3RhZyI6InhwaWRzLjY0MHgxMTM2LnNkciJ9&_nc_ohc=BiIlwEaWW_8Q7kNvwF2uVHI&_nc_oc=AdmNHGbjF5RU5wElMP9td4aQ7ZggrvA6fr6xT5UqBfdF_qUFoG5SROQHXjhtXympJYw&_nc_ad=z-m&_nc_cid=0&_nc_zt=23&_nc_ht=scontent.cdninstagram.com&_nc_gid=f5z0auJWN0u0MdUZsIVFmg&oh=00_AfIDFGBZQxdNw3XTZmLFFbu-QW2RiQpbsOktPKiOzOkhdQ&oe=6840C1F2
